Name,team,FantasyPoints
Beau Janzig,air-force,0.0
Ren Morque,air-force,0.0
Will Jones,air-force,0.0
Simon Houge,air-force,0.0
Jake Peterson,air-force,0.0
Cole Christian,air-force,0.0
Anthony Yu,air-force,0.0
Oliver Genest,air-force,0.0
Sam Jacobs,air-force,0.0
Cade Moxham,air-force,0.0
Mason McCormick,air-force,0.0
Will Dawson,air-force,0.0
Holt Oliphant,air-force,0.0
Calvin Beard,air-force,0.0
Nolan Cunningham,air-force,0.0
Hayden Nichol,air-force,0.0
Chris Hedden,air-force,0.0
Nick Sajevic,air-force,0.0
Michael Kadlecik,air-force,0.0
Sam Stitz,air-force,0.0
Dominik Wasik,air-force,0.0
Zane Spaniol,air-force,0.0
Carter Clafton,air-force,0.0
Toby Hopp,air-force,0.0
Dylan Krick,air-force,0.0
Will Staring,air-force,0.0
Nick Remissong,air-force,0.0
Nate Farrell,air-force,0.0
Brendan Gibbons,air-force,0.0
Aidan Willis,air-force,0.0
Charles Panchisin,air-force,0.0
Ethan Warrener,alaska-anchorage,0.0
Joey Potter,alaska-anchorage,0.0
Isaac Menard,alaska-anchorage,0.0
Pavol Funtek,alaska-anchorage,0.0
Brandon Lajoie,alaska-anchorage,0.0
Camden Shasby,alaska-anchorage,0.0
Oren SHTROM,alaska-anchorage,0.0
Conor Cole,alaska-anchorage,0.0
Logan Acheson,alaska-anchorage,0.0
Dylan Contreras,alaska-anchorage,0.0
JP Steele,alaska-anchorage,0.0
Luke Helgeson,alaska-anchorage,0.0
Henry Bartle,alaska-anchorage,0.0
Dominic Foglia,alaska-anchorage,0.0
Ryan Johnson,alaska-anchorage,0.0
Bryce Monrean,alaska-anchorage,0.0
Judah Makway,alaska-anchorage,0.0
Nolan Gagnon,alaska-anchorage,0.0
Adam Parsons,alaska-anchorage,0.0
Ben Anderson,alaska-anchorage,0.0
Aiden Westin,alaska-anchorage,0.0
David Jesus,alaska-anchorage,0.0
Tanyon Bajzer,alaska-anchorage,0.0
Dimitry Kebreau,alaska-anchorage,0.0
Tye Spencer,alaska-anchorage,0.0
Tyler Krivtsov,alaska-anchorage,0.0
Bryant Marks,alaska-anchorage,0.0
Greg Orosz,alaska-anchorage,0.0
Luke Johnson,alaska-anchorage,0.0
Karter McNarland,alaska-anchorage,0.0
Carson Reed,alaska,0.0
Noah Barlage,alaska,0.0
William Fleet,alaska,0.0
Jhett Larson,alaska,0.0
Jackson Anderson,alaska,0.0
Braden Birnie,alaska,0.0
Dean Spak,alaska,0.0
William Lawson-Body,alaska,0.0
Haden Kruse,alaska,0.0
Adam Cardona,alaska,0.0
Fyodor Nikolayenya,alaska,0.0
Tommy Cronin,alaska,0.0
Dylan Sydor,alaska,0.0
Trenton Penner,alaska,0.0
Misha Danylov,alaska,0.0
Rylen Roersma,alaska,0.0
Cade Ahrenholz,alaska,0.0
Caelum Dick,alaska,0.0
Peyton Platter,alaska,0.0
Alexander Malinowski,alaska,0.0
Nathan Rickey,alaska,0.0
Lucas Sorace,alaska,0.0
Michael Citara,alaska,0.0
Beau Courtney,alaska,0.0
Zak Brice,alaska,0.0
Calvin Vachon,alaska,0.0
Kyle Miller,alaska,0.0
Lassi Lehti,alaska,0.0
Davis Borozinskis,alaska,0.0
Chase Dafoe,alaska,0.0
Hugo Marcil,alaska,0.0
Jack Beck,arizona-state,0.0
Justin Kipkie,arizona-state,0.0
Austin Zemlak,arizona-state,0.0
Richard Baran,arizona-state,0.0
Joel Kjellberg,arizona-state,0.0
Anthony Dowd,arizona-state,0.0
Tucker Ness,arizona-state,0.0
Lincoln Kuehne,arizona-state,0.0
Cullen Potter,arizona-state,0.0
Hunter Mullett,arizona-state,0.0
Carmelo Crandell,arizona-state,0.0
Noah Powell,arizona-state,0.0
Sean McGurn,arizona-state,0.0
Johnny Waldron,arizona-state,0.0
Logan Morrell,arizona-state,0.0
Ty Nash,arizona-state,0.0
Bennett Schimek,arizona-state,0.0
Justin Cloutier,arizona-state,0.0
Kyle Smolen,arizona-state,0.0
Samuel Alfano,arizona-state,0.0
Chase Hamm,arizona-state,0.0
Samuel Urban,arizona-state,0.0
Connor Hasley,arizona-state,0.0
Sam Court,arizona-state,0.0
Benjamin Kevan,arizona-state,0.0
Braxton Whitehead,arizona-state,0.0
Cruz Lucius,arizona-state,0.0
Brasen Boser,arizona-state,0.0
Tony Achille,arizona-state,0.0
Jacob Biron,army-west-point,0.0
Lukas McCloskey,army-west-point,0.0
Easton Zueger,army-west-point,0.0
Ben Ivey,army-west-point,0.0
Jack Ivey,army-west-point,0.0
Pierce Patterson,army-west-point,0.0
Liam Chapman,army-west-point,0.0
Vincent Salice,army-west-point,0.0
Nils Forselius,army-west-point,0.0
Dylan Wegner,army-west-point,0.0
Brock Jones,army-west-point,0.0
Sam Groebner,army-west-point,0.0
Jacob Ligi,army-west-point,0.0
Owen Nolan,army-west-point,0.0
Lucas Kanta,army-west-point,0.0
Kareem El-Bashir,army-west-point,0.0
Noah Alvarez,army-west-point,0.0
Jon Bell,army-west-point,0.0
Nik Hong,army-west-point,0.0
Sean Vlasich,army-west-point,0.0
Stephen Willey,army-west-point,0.0
Jude Brower,army-west-point,0.0
Billy Batten,army-west-point,0.0
Barron Woodring,army-west-point,0.0
Joey Dosan,army-west-point,0.0
Trevor Smith,army-west-point,0.0
Brent Keefer,army-west-point,0.0
Adam Marshall,army-west-point,0.0
JJ Cataldo,army-west-point,0.0
Gus Holt,army-west-point,0.0
Christian Manz,augustana,0.0
Landon Fandel,augustana,0.0
Maxwell Chakrabarti,augustana,0.0
Easton Young,augustana,0.0
Samo Meritähti,augustana,0.0
Ben Troumbly,augustana,0.0
Hayden Hennen,augustana,0.0
Joey DelGreco,augustana,0.0
Tyler Hennen,augustana,0.0
Hunter Bischoff,augustana,0.0
Will Howard,augustana,0.0
Will Svenddal,augustana,0.0
Jacob Jastrzebski,augustana,0.0
Quinn Rudrud,augustana,0.0
Carter Theissen,augustana,0.0
Colton Friesen,augustana,0.0
Callum Gau,augustana,0.0
Garett Drotts,augustana,0.0
Kolby Hay,augustana,0.0
Josh Kotai,augustana,0.0
Brett Meerman,augustana,0.0
Owen Bohn,augustana,0.0
Jeff Hutchinson,augustana,0.0
Nace Langus,augustana,0.0
Leonid Bulgakov,augustana,0.0
Cole Burtch,augustana,0.0
Owen Baumgartner,augustana,0.0
Max Hildebrand,bemidji-state,0.0
Max Vig,bemidji-state,0.0
Patrik Satosaari,bemidji-state,0.0
Hudson Thornton,bemidji-state,0.0
Mitch Wolfe,bemidji-state,0.0
Isa Parekh,bemidji-state,0.0
Vincent Labelle,bemidji-state,0.0
Jaksen Panzer,bemidji-state,0.0
Adam Flammang,bemidji-state,0.0
A.J. Macaulay,bemidji-state,0.0
Ben Vigneault,bemidji-state,0.0
Alexi Sylvestre,bemidji-state,0.0
Connor McClennon,bemidji-state,0.0
Oscar Karlsson,bemidji-state,0.0
Noah Quinn,bemidji-state,0.0
Max Namestnikov,bemidji-state,0.0
Vann Yuhas,bemidji-state,0.0
Kirklan Irey,bemidji-state,0.0
Vince Corcoran,bemidji-state,0.0
Oliver Peer,bemidji-state,0.0
Luke Roelofs,bemidji-state,0.0
Tory Lund,bemidji-state,0.0
Reilly Funk,bemidji-state,0.0
Jake McLean,bemidji-state,0.0
Kasper Magnussen,bemidji-state,0.0
Ryan Henderson,bemidji-state,0.0
Trent Wiemken,bemidji-state,0.0
Raythan Robbins,bemidji-state,0.0
Jack Erickson,bentley,0.0
David Helledy,bentley,0.0
Tobias Larsen,bentley,0.0
Dylan Cook,bentley,0.0
Seth Bernard-Docker,bentley,0.0
Alec Leonard,bentley,0.0
Oliver Salo,bentley,0.0
Jake Black,bentley,0.0
Jimmy Doyle,bentley,0.0
Ryan Mansfield,bentley,0.0
Owen Goodbrand,bentley,0.0
Peter Kramer,bentley,0.0
Pat Lawn,bentley,0.0
Oskar Bakkevig,bentley,0.0
Kellan Hjartarson,bentley,0.0
Stephen Castagna,bentley,0.0
Arlo Merritt,bentley,0.0
Michael Mesic,bentley,0.0
Jan Gaspar,bentley,0.0
Jack Dalton,bentley,0.0
Chase Davis,bentley,0.0
Marton Nemes,bentley,0.0
Colton Cameron,bentley,0.0
Garrett Horsager,bentley,0.0
Kolby Amici,bentley,0.0
Ryan Nause,bentley,0.0
Jack Farrell,bentley,0.0
Nicholas Bevilacqua,bentley,0.0
Easton Hesse,bentley,0.0
Ryan Upson,bentley,0.0
Lukas Swedin,bentley,0.0
Louka Cloutier,boston-college,0.0
Kristian Kostadinski,boston-college,0.0
Teddy Stiga,boston-college,0.0
Drew Fortescue,boston-college,0.0
Will Skahan,boston-college,0.0
Lukas Gustafsson,boston-college,0.0
James Hagens,boston-college,0.0
Michael Hagens,boston-college,0.0
Jake Sondreal,boston-college,0.0
Landan Resendes,boston-college,0.0
Oskar Jellvik,boston-college,0.0
Aram Minnetian,boston-college,0.0
Paul Davey,boston-college,0.0
Brady Berard,boston-college,0.0
Will Vote,boston-college,0.0
Will Traeger,boston-college,0.0
Andre Gasseau,boston-college,0.0
Luka Radivojevic,boston-college,0.0
Nolan Joyce,boston-college,0.0
Timmy Delay,boston-college,0.0
Dean Letourneau,boston-college,0.0
Jan Korec,boston-college,0.0
Alex Musielak,boston-college,0.0
Ryan Conmy,boston-college,0.0
Gavin Cornforth,boston-college,0.0
Will Moore,boston-college,0.0
Steven Luciano,boston-university,0.0
Gavin McCarthy,boston-university,0.0
Nick Roukounakis,boston-university,0.0
Brandon Svoboda,boston-university,0.0
Sacha Boisvert,boston-university,0.0
Jonathan Morello,boston-university,0.0
Jack Harvey,boston-university,0.0
Mick Frechette,boston-university,0.0
Carter Amico,boston-university,0.0
Conrad Fondrk,boston-university,0.0
Jay Feldberg,boston-university,0.0
Jack Murtagh,boston-university,0.0
Ryder Ritchie,boston-university,0.0
Aiden Celebrini,boston-university,0.0
Owen McLaughlin,boston-university,0.0
Ben Merrill,boston-university,0.0
John McNelis,boston-university,0.0
Kyle Kim,boston-university,0.0
Jack Perry,boston-university,0.0
Max Lacroix,boston-university,0.0
Cole Eiserman,boston-university,0.0
Kamil Bednarik,boston-university,0.0
Mikhail Yegorov,boston-university,0.0
Cole Hutson,boston-university,0.0
Malte Vass,boston-university,0.0
Sascha Boumedienne,boston-university,0.0
Charlie Trethewey,boston-university,0.0
Jacob Steinman,bowling-green,0.0
Ty Higgins,bowling-green,0.0
Ivan Korodiuk,bowling-green,0.0
Brian Lonergan,bowling-green,0.0
Gustav Stjernberg,bowling-green,0.0
Rihards Simanovičs,bowling-green,0.0
Jeremie Minville,bowling-green,0.0
Adam Zlnka,bowling-green,0.0
Noah Morneau,bowling-green,0.0
Jackson Niedermayer,bowling-green,0.0
Brett Pfoh,bowling-green,0.0
Dalton Norris,bowling-green,0.0
Maxwell Martin,bowling-green,0.0
Jake Sloan,bowling-green,0.0
Quinn Emerson,bowling-green,0.0
Connor Levis,bowling-green,0.0
Tanner Scott,bowling-green,0.0
Ben Doran,bowling-green,0.0
Tyler Hotson,bowling-green,0.0
Brayden Crampton,bowling-green,0.0
Jack Blake,bowling-green,0.0
Breck McKinley,bowling-green,0.0
Brandon Whynott,bowling-green,0.0
Jaden Grant,bowling-green,0.0
Brody Waters,bowling-green,0.0
Tyler Palmer,bowling-green,0.0
Cole Moore,bowling-green,0.0
Dominik Rymon,bowling-green,0.0
Freddie Halyk,brown,0.0
Tristan Zarsky,brown,0.0
Alex Pineau,brown,0.0
Nick Traggio,brown,0.0
Harry Meirowitz,brown,0.0
Charlie Gollob,brown,0.0
Ryan Shostak,brown,0.0
Ryan St. Louis,brown,0.0
Ashton Bynum,brown,0.0
Ivan Zadvernyuk,brown,0.0
Tyler Kopff,brown,0.0
Gary Pendy,brown,0.0
Ben Poitras,brown,0.0
Michael Salandra,brown,0.0
Brendan Tighe,brown,0.0
Owen Dyer,brown,0.0
Mike Cataldo,brown,0.0
Dean Bauchiero,brown,0.0
Matthew Brille,brown,0.0
Matthew Cataldo,brown,0.0
Ethan Mistry,brown,0.0
Matthew Desiderio,brown,0.0
Zackary Tonelli,brown,0.0
Leo Schwartz,brown,0.0
Jack Hewitt,brown,0.0
Tanner Hartman,brown,0.0
Andrew King,brown,0.0
Ryan Kazmouz,brown,0.0
Tyler Shea,brown,0.0
Brian Nicholas,brown,0.0
Brice Cooke,canisius,0.0
Robert Kincaid,canisius,0.0
Rhys Chiddenton,canisius,0.0
Walter Zacher,canisius,0.0
Kash Rasmussen,canisius,0.0
Jason Gallucci,canisius,0.0
Trey Funk,canisius,0.0
Cole Miller,canisius,0.0
Ryan Gillespie,canisius,0.0
Josh Phillips,canisius,0.0
Joe Messina,canisius,0.0
Nick Strom,canisius,0.0
Stefano Bottini,canisius,0.0
Carter Anderson,canisius,0.0
Ethan Robertson,canisius,0.0
Petter Wickström Stumer,canisius,0.0
Hunter Andrew,canisius,0.0
Chase Clark,canisius,0.0
Luke Marshall,canisius,0.0
Grant Porter,canisius,0.0
Christian MacDougall,canisius,0.0
Carter Patterson,canisius,0.0
Hunter Price,canisius,0.0
Kyan Haldenby,canisius,0.0
FJ Buteau,canisius,0.0
Jack Pascucci,canisius,0.0
Killian Kiecker-Olson,canisius,0.0
Alton McDermott,canisius,0.0
Oliver Tarr,canisius,0.0
David Elmy,canisius,0.0
Noah Houle,clarkson,0.0
Tristan Sarsland,clarkson,0.0
Erik Bargholtz,clarkson,0.0
Remi Gelinas,clarkson,0.0
Luka Sukovic,clarkson,0.0
Shawn O'Donnell,clarkson,0.0
Talon Sigurdson,clarkson,0.0
Ryan Bottrill,clarkson,0.0
Owen Van Steensel,clarkson,0.0
Jared Mangan,clarkson,0.0
Matthew Mayich,clarkson,0.0
William Bishop,clarkson,0.0
Tate Taylor,clarkson,0.0
Conyr Hellyer,clarkson,0.0
Luke Pakulak,clarkson,0.0
Shane Soderwall,clarkson,0.0
Keenan Rancier,clarkson,0.0
Mael St-denis,clarkson,0.0
Ty Brassington,clarkson,0.0
Jack Sparkes,clarkson,0.0
Nick Avakyan,clarkson,0.0
Bryce Sookro,clarkson,0.0
Jace Letourneau,clarkson,0.0
Adrian Misaljevic,clarkson,0.0
Mikael Huchette,clarkson,0.0
Justin Cote,clarkson,0.0
Andrew Takacs,colgate,0.0
Michael Neumeier,colgate,0.0
Jacob Napier,colgate,0.0
Bobby Metz,colgate,0.0
Simon Labelle,colgate,0.0
Isaiah Norlin,colgate,0.0
Simone Dadiè,colgate,0.0
Antonio Fernandez,colgate,0.0
Daniel Panetta,colgate,0.0
Max Nagel,colgate,0.0
Jack Brandt,colgate,0.0
Ryan Sullivan,colgate,0.0
Ryan Spinale,colgate,0.0
Easton Wainwright,colgate,0.0
Niko Rexine,colgate,0.0
Robby Newton,colgate,0.0
Owen Neuharth,colgate,0.0
Jake Schneider,colgate,0.0
Tyson Doucette,colgate,0.0
Josh Niedermayer,colgate,0.0
Brett Merner,colgate,0.0
Luke Malboeuf,colgate,0.0
Davide Patella,colgate,0.0
Nick Haas,colgate,0.0
Jack Olson,colgate,0.0
Reid Dyck,colgate,0.0
Beckham Dempsey,colorado-college,0.0
Seth Constance,colorado-college,0.0
Max Burkholder,colorado-college,0.0
Ryan Koering,colorado-college,0.0
Colton Roberts,colorado-college,0.0
Philippe Blais-Savoie,colorado-college,0.0
Brandon Lisowsky,colorado-college,0.0
Owen Beckner,colorado-college,0.0
Bret Link,colorado-college,0.0
Shane Kozlina,colorado-college,0.0
Merril Steenari,colorado-college,0.0
Connor Hvidston,colorado-college,0.0
Nick Baer,colorado-college,0.0
Tomas Mrsic,colorado-college,0.0
Fisher Scott,colorado-college,0.0
Mateo Mrsic,colorado-college,0.0
Gavin Lindberg,colorado-college,0.0
Ryan Alexander,colorado-college,0.0
Jordan Brisson,colorado-college,0.0
Klavs Veinbergs,colorado-college,0.0
Riley Stuart,colorado-college,0.0
Wilson Bjorck,colorado-college,0.0
Matteo Mann,colorado-college,0.0
Brayden Schuurman,colorado-college,0.0
Drew Montgomery,colorado-college,0.0
Jackson Unger,colorado-college,0.0
Kaidan Mbereko,colorado-college,0.0
Hudson Gorski,cornell,0.0
Jack O'Brien,cornell,0.0
Xavier Veilleux,cornell,0.0
Hoyt Stanley,cornell,0.0
George Fegaras,cornell,0.0
Luke McCrady,cornell,0.0
Luke Devlin,cornell,0.0
Charlie Major,cornell,0.0
Jake Kraft,cornell,0.0
Sean Donaldson,cornell,0.0
Caton Ryan,cornell,0.0
Marian Mosko,cornell,0.0
Ryan Walsh,cornell,0.0
Tyler Catalano,cornell,0.0
Michael Fisher,cornell,0.0
Aiden Long,cornell,0.0
Gio DiGiulian,cornell,0.0
Connor Arseneault,cornell,0.0
Reegan Hiscock,cornell,0.0
Chase Pirtle,cornell,0.0
Winter Wallace,cornell,0.0
Nicholas Wolfenberg,cornell,0.0
Donovan Hamilton,cornell,0.0
Luke Ashton,cornell,0.0
Nick DeSantis,cornell,0.0
Parker Murray,cornell,0.0
Alexis Cournoyer,cornell,0.0
Remington Keopple,cornell,0.0
Justin Katz,cornell,0.0
Jonathan Castagna,cornell,0.0
Erick Roest,cornell,0.0
Eric Charpentier,dartmouth,0.0
CJ Foley,dartmouth,0.0
Tucker McRae,dartmouth,0.0
Matt Fusco,dartmouth,0.0
Nikita Nikora,dartmouth,0.0
Austin Salani,dartmouth,0.0
Colin Grable,dartmouth,0.0
Hayden Stavroff,dartmouth,0.0
Nathan Morin,dartmouth,0.0
Tim Busconi,dartmouth,0.0
Joshua Schenk,dartmouth,0.0
Cam MacDonald,dartmouth,0.0
Hank Cleaves,dartmouth,0.0
Brock Devlin,dartmouth,0.0
Andrew Clarke,dartmouth,0.0
Cooper Cleaves,dartmouth,0.0
Oskari Vuorio,dartmouth,0.0
Ryan Schelling,dartmouth,0.0
Tyler Grahme,dartmouth,0.0
Mikey Roberts,dartmouth,0.0
Roan Clarke,dartmouth,0.0
Owen Desilets,dartmouth,0.0
Emmett Croteau,dartmouth,0.0
Brock Cummings,dartmouth,0.0
Jack Silverberg,dartmouth,0.0
Jason Stefanek,dartmouth,0.0
Alex Krause,dartmouth,0.0
Tory Pitner,denver,0.0
Cale Ashcroft,denver,0.0
Garrett Brown,denver,0.0
Alec Whipple,denver,0.0
Kristian Epperson,denver,0.0
Boston Buckberger,denver,0.0
Brady Milburn,denver,0.0
Samu Salminen,denver,0.0
Sam Harris,denver,0.0
Hagen Burrows,denver,0.0
Rieger Lorenz,denver,0.0
Eric Jamieson,denver,0.0
Kyle Chyzowski,denver,0.0
Peter LaJoy,denver,0.0
Payton Nelson,denver,0.0
Jake Fisher,denver,0.0
Kent Anderson,denver,0.0
Brendan McMorrow,denver,0.0
Eric Pohlkamp,denver,0.0
Kieran Cebrian,denver,0.0
Clarke Caswell,denver,0.0
James Reeder,denver,0.0
Reid Varkonyi,denver,0.0
Quentin Miller,denver,0.0
Paxton Geisel,denver,0.0
Johnny Hicks,denver,0.0
Mason West,ferris-state,0.0
Kade Turner,ferris-state,0.0
Logan Heroux,ferris-state,0.0
Christopher Lie,ferris-state,0.0
Valtteri Piironen,ferris-state,0.0
Xavier Jean-Louis,ferris-state,0.0
Connor McGrath,ferris-state,0.0
Tyler Schleppe,ferris-state,0.0
Nic Belpedio,ferris-state,0.0
Jack Mesic,ferris-state,0.0
Brian Morse,ferris-state,0.0
Caden Brown,ferris-state,0.0
Josh Zary,ferris-state,0.0
Jack Silich,ferris-state,0.0
Holden Doell,ferris-state,0.0
Luke Lisko,ferris-state,0.0
Max Dukovac,ferris-state,0.0
Max Itagaki,ferris-state,0.0
Tanner Rowe,ferris-state,0.0
John Lundy,ferris-state,0.0
Emerson Goode,ferris-state,0.0
Riley Wallack,ferris-state,0.0
Conner Brown,ferris-state,0.0
Jacob Badal,ferris-state,0.0
Gavin Best,ferris-state,0.0
Trevor Taulien,ferris-state,0.0
Hobie Hedquist,ferris-state,0.0
Noah Rupprecht,ferris-state,0.0
Carter Rapalje,ferris-state,0.0
Martin Lundberg,ferris-state,0.0
Evan Zhang,harvard,0.0
David Hejduk,harvard,0.0
Matthew Biotti,harvard,0.0
Sean Keohane,harvard,0.0
Richard Gallant,harvard,0.0
Philip Tresca,harvard,0.0
Michael Callow,harvard,0.0
Ryan Healey,harvard,0.0
Ryan Fine,harvard,0.0
Justin Solovey,harvard,0.0
Joe Miller,harvard,0.0
Marek Hejduk,harvard,0.0
Matthew Morden,harvard,0.0
William McDonough,harvard,0.0
Will Hughes,harvard,0.0
Donato Bracco,harvard,0.0
Ben MacDonald,harvard,0.0
Drake Murray,harvard,0.0
Cam Johnson,harvard,0.0
Mason Langenbrunner,harvard,0.0
Salvatore Guzzo,harvard,0.0
Chase Stefanek,harvard,0.0
Lucas St. Louis,harvard,0.0
Mick Thompson,harvard,0.0
Heikki Ruohonen,harvard,0.0
Casey Severo,harvard,0.0
Aku Koskenvuo,harvard,0.0
Ben Charette,harvard,0.0
James Mackey,harvard,0.0
Aidan Lane,harvard,0.0
Louden Hogg,holy-cross,0.0
Lachlan Getz,holy-cross,0.0
Brody Gagno,holy-cross,0.0
Anthony Biakabutuka,holy-cross,0.0
William Troutwine,holy-cross,0.0
Timothy Heinke,holy-cross,0.0
Anthony Carone,holy-cross,0.0
Ryan Buckley,holy-cross,0.0
David Hymovitch,holy-cross,0.0
Michael Abgrall,holy-cross,0.0
Matthew Kursonis,holy-cross,0.0
William Elias,holy-cross,0.0
Owain Johnston,holy-cross,0.0
Jarrod Smith,holy-cross,0.0
Matt DeBoer,holy-cross,0.0
Ty Gagno,holy-cross,0.0
Jack Stockfish,holy-cross,0.0
Devin Phillips,holy-cross,0.0
Owen Kim,holy-cross,0.0
Ben LeFranc,holy-cross,0.0
Dax Williams,holy-cross,0.0
William Reardon,holy-cross,0.0
Mack Oliphant,holy-cross,0.0
Jack Seymour,holy-cross,0.0
Connor Welsh,holy-cross,0.0
Danick Leroux,holy-cross,0.0
Connor MacKenzie,holy-cross,0.0
Joe Solimine,holy-cross,0.0
Quinn McCall,holy-cross,0.0
Noah Eyre,holy-cross,0.0
Rorke Applebee,lake-superior-state,0.0
Bryan Huggins,lake-superior-state,0.0
Max Ranstrom,lake-superior-state,0.0
Mike Brown,lake-superior-state,0.0
Luke Antonacci,lake-superior-state,0.0
Evan Bushy,lake-superior-state,0.0
Adam Barone,lake-superior-state,0.0
Calem Mangone,lake-superior-state,0.0
Branden Piku,lake-superior-state,0.0
Jack Blanchett,lake-superior-state,0.0
Connor Milburn,lake-superior-state,0.0
Sasha Teleguine,lake-superior-state,0.0
Reagan Milburn,lake-superior-state,0.0
Wilson Dahlheimer,lake-superior-state,0.0
Samuel Belanger,lake-superior-state,0.0
Johnny Druskinis,lake-superior-state,0.0
Blake Humphrey,lake-superior-state,0.0
Luke Levandowski,lake-superior-state,0.0
Everett Pietila,lake-superior-state,0.0
Tyson Galloway,lake-superior-state,0.0
William Ahlrik,lake-superior-state,0.0
Ryan Beck,lake-superior-state,0.0
Carter Batchelder,lake-superior-state,0.0
John Herrington,lake-superior-state,0.0
Hunter Ramos,lake-superior-state,0.0
Hadley Hudak,lake-superior-state,0.0
Andrew Oke,lake-superior-state,0.0
Adam Manji,lake-superior-state,0.0
Pierson Sobush,lake-superior-state,0.0
Matheson Mason,lake-superior-state,0.0
Jonathan Wong,lindenwood,0.0
Connor Gengle,lindenwood,0.0
William Winemaster,lindenwood,0.0
Giovanni Morneau,lindenwood,0.0
Brady Yakesh,lindenwood,0.0
Jacob Delaney,lindenwood,0.0
Drew Kuzma,lindenwood,0.0
Jacob Fletcher,lindenwood,0.0
Charles Savoie,lindenwood,0.0
Ethan Zielke,lindenwood,0.0
Adam Raesler,lindenwood,0.0
John Evans,lindenwood,0.0
Michael Bevilacqua,lindenwood,0.0
Anselmo Rego,lindenwood,0.0
Patrick Schmiedlin,lindenwood,0.0
Ethan Elias,lindenwood,0.0
Louis-Philippe Fontaine,lindenwood,0.0
Ty Hipkin,lindenwood,0.0
Jake Southgate,lindenwood,0.0
Olivier Houde,lindenwood,0.0
Jaeden Mercier,lindenwood,0.0
Nolan Seed,lindenwood,0.0
Tyler Loughman,lindenwood,0.0
Brady McIsaac,lindenwood,0.0
Brody Mortensen,lindenwood,0.0
Colin Ronan,lindenwood,0.0
Klayton Knapp,lindenwood,0.0
Liam Beerman,lindenwood,0.0
Michael Polston,long-island-university,0.0
Trent Powell,long-island-university,0.0
AJ Casperson,long-island-university,0.0
Blake Dangos,long-island-university,0.0
Trevor Griebel,long-island-university,0.0
Blake Matheson,long-island-university,0.0
Jack Darby,long-island-university,0.0
Daniel Baldassarra,long-island-university,0.0
Heath Armstrong,long-island-university,0.0
John McMahon,long-island-university,0.0
Brennan Nelson,long-island-university,0.0
Luca Leighton,long-island-university,0.0
Sixten Jennersjö,long-island-university,0.0
Anthony Lucarelli,long-island-university,0.0
Chad Muller,long-island-university,0.0
Nate Benoit,long-island-university,0.0
Luke Hause,long-island-university,0.0
Isaac Lambert,long-island-university,0.0
Dylan Kinch,long-island-university,0.0
Garrett Valk,long-island-university,0.0
Jaden Dyke,long-island-university,0.0
Daniel Duris,long-island-university,0.0
Carter Bickle,long-island-university,0.0
Lukas Renaud,long-island-university,0.0
JR Perdion,long-island-university,0.0
Nick Bernardo,long-island-university,0.0
Onni Leppänen,long-island-university,0.0
Brett Rylance,long-island-university,0.0
Casey McDonald,long-island-university,0.0
Noah Serdachny,long-island-university,0.0
Lukas Peterson,maine,0.0
Brandon Holt,maine,0.0
Jeremy Langlois,maine,0.0
Luke Coughlin,maine,0.0
Charlie Russell,maine,0.0
Owen Fowler,maine,0.0
Sully Scholle,maine,0.0
Brandon Chabrier,maine,0.0
Loic Usereau,maine,0.0
Simon Motew,maine,0.0
Josh Nadeau,maine,0.0
Nicholas Peluso,maine,0.0
William Gerrior,maine,0.0
Grayson Arnott,maine,0.0
Brock James,maine,0.0
Thomas Freel,maine,0.0
Max Scott,maine,0.0
Anthony Calafiore,maine,0.0
Thomas Pichette,maine,0.0
Albin Boija,maine,0.0
Mathis Rousseau,maine,0.0
Bodie Nobes,maine,0.0
Gage Stewart,maine,0.0
Oskar Komarov,maine,0.0
Jaden Lipinski,maine,0.0
Miguel Marques,maine,0.0
Frank Djurasevic,maine,0.0
Justin Poirier,maine,0.0
Jackson Irving,massachusetts,0.0
Coleson Hanrahan,massachusetts,0.0
Kennedy O'Connor,massachusetts,0.0
Lucas Olvestad,massachusetts,0.0
Owen Mehlenbacher,massachusetts,0.0
Cam O'Neill,massachusetts,0.0
Jack Musa,massachusetts,0.0
Jack Galanek,massachusetts,0.0
Vaclav Nestrasil,massachusetts,0.0
Lukas Klecka,massachusetts,0.0
Landon Nycz,massachusetts,0.0
Andrew Lacroix,massachusetts,0.0
Justin Kerr,massachusetts,0.0
Daniel Jenčko,massachusetts,0.0
Larry Keenan,massachusetts,0.0
Mikey DeAngelo,massachusetts,0.0
James Duerr,massachusetts,0.0
Charlie Lieberman,massachusetts,0.0
Nick VanTassell,massachusetts,0.0
Francesco Dell'Elce,massachusetts,0.0
Elias Zimmerman,massachusetts,0.0
Cam Dunn,massachusetts,0.0
Owen Murray,massachusetts,0.0
Bo Cosman,massachusetts,0.0
Matthew Wilde,massachusetts,0.0
Michael Hrabal,massachusetts,0.0
James Norton,massachusetts,0.0
Michael Chambre,mercyhurst,0.0
Peter Klemm,mercyhurst,0.0
John Larkin,mercyhurst,0.0
Jaryd Sych,mercyhurst,0.0
Caleb Price,mercyhurst,0.0
Trent Sambrook,mercyhurst,0.0
Tyler DesRochers,mercyhurst,0.0
Brendan Lamb,mercyhurst,0.0
Sean James,mercyhurst,0.0
Francesco Iasenza,mercyhurst,0.0
Barrett Brooks,mercyhurst,0.0
Andrew LeBlanc,mercyhurst,0.0
Dominik Bartecko,mercyhurst,0.0
Ryan Coughlin,mercyhurst,0.0
Jacob Leblanc,mercyhurst,0.0
Riley Fitzgerald,mercyhurst,0.0
Kaden Muir,mercyhurst,0.0
Will Schumacher,mercyhurst,0.0
Noah Sedore,mercyhurst,0.0
Christian Kocsis,mercyhurst,0.0
Matteo Disipio,mercyhurst,0.0
Spencer Smith,mercyhurst,0.0
Alexander Dimitriadis,mercyhurst,0.0
Tyler Nasca,mercyhurst,0.0
Charles-Edward Gravel,mercyhurst,0.0
Salvatore Evola,mercyhurst,0.0
Jospeh Serpa,mercyhurst,0.0
Connor Pelc,mercyhurst,0.0
Tyler Haskins,mercyhurst,0.0
Simon Bucheler,mercyhurst,0.0
Nathan King,merrimack,0.0
Filip Nordberg,merrimack,0.0
Seamus Powell,merrimack,0.0
Daniel Astapovich,merrimack,0.0
Ethan Beyer,merrimack,0.0
Hunter Mayo,merrimack,0.0
Jack Richard,merrimack,0.0
Trevor Hoskin,merrimack,0.0
Nick Pierre,merrimack,0.0
Parker Lalonde,merrimack,0.0
Joseph Henneberry,merrimack,0.0
Riley Bassen,merrimack,0.0
Matthew Campbell,merrimack,0.0
Ty Daneault,merrimack,0.0
Cam Kungle,merrimack,0.0
Mark Hillier,merrimack,0.0
Nolan Flamand,merrimack,0.0
Caden Cranston,merrimack,0.0
Trent Ballentyne,merrimack,0.0
Austin Oravetz,merrimack,0.0
Luke Weilandt,merrimack,0.0
Michael Emerson,merrimack,0.0
Benjamin Yurchuk,merrimack,0.0
Ryan O'Connell,merrimack,0.0
Caelan Fitzpatrick,merrimack,0.0
Nils Wallstrom,merrimack,0.0
Ryan Keyes,merrimack,0.0
Max Lundgren,merrimack,0.0
Shaun McEwen,miami,0.0
Nick Donato,miami,0.0
Michael Quinn,miami,0.0
Charlie Michaud,miami,0.0
John Emmons,miami,0.0
Kyle Aucoin,miami,0.0
Nicholas Mikan,miami,0.0
Justin Stupka,miami,0.0
Owen Lalonde,miami,0.0
Kocha Delic,miami,0.0
Ryan Smith,miami,0.0
Maximilion Helgeson,miami,0.0
Ilia Morozov,miami,0.0
Doug Grimes,miami,0.0
David Deputy,miami,0.0
Bradley Walker,miami,0.0
Brayden Morrison,miami,0.0
Blake Mesenburg,miami,0.0
Shika Gadzhiev,miami,0.0
Casper Nassen,miami,0.0
Benji Motew,miami,0.0
Ryder Thompson,miami,0.0
Matteo Drobac,miami,0.0
Ethan Hay,miami,0.0
Vladislav Lukashevich,miami,0.0
Michael Phelan,miami,0.0
David Grosek,miami,0.0
Matteo Giampa,miami,0.0
Trey Augustine,michigan-state,0.0
Patrick Geary,michigan-state,0.0
Sean Barnhill,michigan-state,0.0
Colin Ralph,michigan-state,0.0
Travis Shoudy,michigan-state,0.0
Cole Ward,michigan-state,0.0
Maxim Štrbák,michigan-state,0.0
Matt Basgall,michigan-state,0.0
Tommi Männistö,michigan-state,0.0
Owen West,michigan-state,0.0
Griffin Jurecki,michigan-state,0.0
Tiernan Shoudy,michigan-state,0.0
Matthew Lahey,michigan-state,0.0
Charlie Stramel,michigan-state,0.0
Ryker Lee,michigan-state,0.0
Austin Baker,michigan-state,0.0
Daniel Russell,michigan-state,0.0
Anthony Romani,michigan-state,0.0
Porter Martone,michigan-state,0.0
Shane Vansaghi,michigan-state,0.0
Nathan Mackie,michigan-state,0.0
Cole Burke,michigan-state,0.0
Eric Nilson,michigan-state,0.0
Cayden Lindstrom,michigan-state,0.0
Gavin O'Connell,michigan-state,0.0
Dolan Gilbert,michigan-state,0.0
Melvin Strahl,michigan-state,0.0
Tom Leppa,michigan-tech,0.0
Rylan Brown,michigan-tech,0.0
Jack Anderson,michigan-tech,0.0
Max Matthews,michigan-tech,0.0
Brayden Boehm,michigan-tech,0.0
Kasper Vaharautio,michigan-tech,0.0
Kalem Parker,michigan-tech,0.0
Carson Latimer,michigan-tech,0.0
Elias Jansson,michigan-tech,0.0
Owen Baker,michigan-tech,0.0
Ryan Abraham,michigan-tech,0.0
Tyler Miller,michigan-tech,0.0
Max Koskipirtti,michigan-tech,0.0
Carson Birnie,michigan-tech,0.0
Isaac Gordon,michigan-tech,0.0
Reid Daavettila,michigan-tech,0.0
Noah Reinhart,michigan-tech,0.0
Michael Cicek,michigan-tech,0.0
Joe Prouty,michigan-tech,0.0
Reid Andresen,michigan-tech,0.0
Matthew Van Blaricom,michigan-tech,0.0
Trevor Kukkonen,michigan-tech,0.0
Rylan Gould,michigan-tech,0.0
Braden Pietila,michigan-tech,0.0
Luca Fasciano,michigan-tech,0.0
Lauri Raiman,michigan-tech,0.0
Teydon Trembecky,michigan-tech,0.0
Ryder Matter,michigan-tech,0.0
Max Vayrynen,michigan-tech,0.0
Bryant Lee,michigan-tech,0.0
Owen Bartoszkiewicz,michigan-tech,0.0
Ryan Manzella,michigan-tech,0.0
Stiven Sardarian,michigan-tech,0.0
Hunter Hady,michigan,0.0
Asher Barnett,michigan,0.0
Tyler Duke,michigan,0.0
Josh Eernisse,michigan,0.0
Dakoda Rheaume-Mullen,michigan,0.0
Teddy Spitznagel,michigan,0.0
Nick Moldenhauer,michigan,0.0
Drew Schock,michigan,0.0
Cole McKinney,michigan,0.0
T.J. Hughes,michigan,0.0
Aidan Park,michigan,0.0
Garrett Schifsky,michigan,0.0
Jayden Perron,michigan,0.0
Michael Hage,michigan,0.0
Ben Robertson,michigan,0.0
Miles Gust,michigan,0.0
Malcolm Spence,michigan,0.0
Stephen Peck,michigan,0.0
Kienan Draper,michigan,0.0
Julian Molinaro,michigan,0.0
Will Horcoff,michigan,0.0
Luca Fantilli,michigan,0.0
Josh Orrico,michigan,0.0
Jack Ivankovic,michigan,0.0
Henry Mews,michigan,0.0
Adam Valentini,michigan,0.0
Matthew Mania,michigan,0.0
Ty Hanson,minnesota-duluth,0.0
Jake Toll,minnesota-duluth,0.0
Brady Cleveland,minnesota-duluth,0.0
Adam Kleber,minnesota-duluth,0.0
Aaron Pionk,minnesota-duluth,0.0
Max Plante,minnesota-duluth,0.0
Hunter Anderson,minnesota-duluth,0.0
Daniel Shlaine,minnesota-duluth,0.0
Blake Bechen,minnesota-duluth,0.0
Jayson Shaugabay,minnesota-duluth,0.0
Joey Pierce,minnesota-duluth,0.0
Harper Bentz,minnesota-duluth,0.0
Riley Bodnarchuk,minnesota-duluth,0.0
Braden Fischer,minnesota-duluth,0.0
Ryan Zaremba,minnesota-duluth,0.0
Kyle Gaffney,minnesota-duluth,0.0
Scout Truman,minnesota-duluth,0.0
Callum Arnott,minnesota-duluth,0.0
Zam Plante,minnesota-duluth,0.0
Luke Bibby,minnesota-duluth,0.0
Adam Gajan,minnesota-duluth,0.0
Ethan Dahlmeir,minnesota-duluth,0.0
Cole Sheffield,minnesota-duluth,0.0
Grayden Siepmann,minnesota-duluth,0.0
Kyler Kovich,minnesota-duluth,0.0
Trevor Stachowiak,minnesota-duluth,0.0
Jacob Conrad,minnesota-state,0.0
Mason Wheeler,minnesota-state,0.0
Bryce Strand,minnesota-state,0.0
Campbell Cichosz,minnesota-state,0.0
Luigi Benincasa,minnesota-state,0.0
Evan Murr,minnesota-state,0.0
Jordan Ronn,minnesota-state,0.0
Alex Zetterberg,minnesota-state,0.0
Tristan Lemyre,minnesota-state,0.0
Mason LeBel,minnesota-state,0.0
Jacob Bonkowski,minnesota-state,0.0
Ean Somoza,minnesota-state,0.0
Jakob Stender,minnesota-state,0.0
Jack Smith,minnesota-state,0.0
Fin Williams,minnesota-state,0.0
Liam Hupka,minnesota-state,0.0
Sawyer Scholl,minnesota-state,0.0
Charlie Lurie,minnesota-state,0.0
Felikss Gavars,minnesota-state,0.0
Rylan Bonkowski,minnesota-state,0.0
Liam Watkins,minnesota-state,0.0
Easton Hewson,minnesota-state,0.0
Matthew Syverson,minnesota-state,0.0
Alex Tracy,minnesota-state,0.0
Max Beckford,minnesota-state,0.0
Ralfs Bergmanis,minnesota-state,0.0
Reid Morich,minnesota-state,0.0
Tate Pritchard,minnesota,0.0
John Whipple,minnesota,0.0
Jacob Rombach,minnesota,0.0
Beckett Hendrickson,minnesota,0.0
August Falloon,minnesota,0.0
Tanner Ludtke,minnesota,0.0
Max Rud,minnesota,0.0
Brody Lamb,minnesota,0.0
LJ Mooney,minnesota,0.0
John Mittelstadt,minnesota,0.0
Luke Mittelstadt,minnesota,0.0
Cal Thomas,minnesota,0.0
Jimmy Clark,minnesota,0.0
Finn McLaughlin,minnesota,0.0
Javon Moore,minnesota,0.0
Nathan Airey,minnesota,0.0
Zach Wiese,minnesota,0.0
Luca Di Pasquo,minnesota,0.0
Axel Begley,minnesota,0.0
Graham Harris,minnesota,0.0
Teddy Townsend,minnesota,0.0
Leo Gruba,minnesota,0.0
Erik Påhlsson,minnesota,0.0
Brodie Ziemer,minnesota,0.0
Mason Moe,minnesota,0.0
Kristian Coombs,new-hampshire,0.0
Alex Carr,new-hampshire,0.0
Ryan Philbrick,new-hampshire,0.0
Zach Hahn,new-hampshire,0.0
Marty Lavins,new-hampshire,0.0
Ryan MacPherson,new-hampshire,0.0
Reid Conn,new-hampshire,0.0
Jack Cronin,new-hampshire,0.0
Ronan Walsh,new-hampshire,0.0
Connor DeTurris,new-hampshire,0.0
Josh Player,new-hampshire,0.0
Oscar Plandowski,new-hampshire,0.0
J.P. Turner,new-hampshire,0.0
Kristaps Skrastins,new-hampshire,0.0
Brendan Fitzgerald,new-hampshire,0.0
Felix Gagnon,new-hampshire,0.0
Jason Siedem,new-hampshire,0.0
Morgan Winters,new-hampshire,0.0
Cy LeClerc,new-hampshire,0.0
Kyle Chauvette,new-hampshire,0.0
Nick Ring,new-hampshire,0.0
Jared Whale,new-hampshire,0.0
Sam Oliver,new-hampshire,0.0
Cam MacDonald,new-hampshire,0.0
Conner de Haro,new-hampshire,0.0
Jacob Newcombe,new-hampshire,0.0
Nick De Angelis,new-hampshire,0.0
Deivs Rolovs,niagara,0.0
Jonathan Ziskie,niagara,0.0
Mitchell Becker,niagara,0.0
Glebs Prohorenkovs,niagara,0.0
Cameron Eke,niagara,0.0
Nathan Oickle,niagara,0.0
Hunter Wallace,niagara,0.0
Ross Roloson,niagara,0.0
Grayson Dietrich,niagara,0.0
Marshall Finnie,niagara,0.0
Maxim Muranov,niagara,0.0
Andy Reist,niagara,0.0
Spencer Young,niagara,0.0
Drew Vieten,niagara,0.0
Tyson Zimmer,niagara,0.0
Dallon Melin,niagara,0.0
Lane Brockhoff,niagara,0.0
Nicholas Niemo,niagara,0.0
Declan McDonnell,niagara,0.0
Jacob Maillet,niagara,0.0
Ray Murakami,niagara,0.0
Ethan Lund,niagara,0.0
Mitchell Day,niagara,0.0
Tomas Anderson,niagara,0.0
Noah Hackett,niagara,0.0
Zach Sandy,north-dakota,0.0
Bennett Zmolek,north-dakota,0.0
Jayden Jubenvill,north-dakota,0.0
Jake Livanavage,north-dakota,0.0
EJ Emery,north-dakota,0.0
Mac Swanson,north-dakota,0.0
Ollie Josephson,north-dakota,0.0
Will Zellers,north-dakota,0.0
Ian Engel,north-dakota,0.0
Sam Laurila,north-dakota,0.0
Tyler Young,north-dakota,0.0
Jack Kernan,north-dakota,0.0
Andrew Strathmann,north-dakota,0.0
Cole Reschny,north-dakota,0.0
Keaton Verhoeff,north-dakota,0.0
Cody Croal,north-dakota,0.0
Cade Littler,north-dakota,0.0
Ben Strinden,north-dakota,0.0
David Klee,north-dakota,0.0
Josh Zakreski,north-dakota,0.0
Abram Wiebe,north-dakota,0.0
Dylan James,north-dakota,0.0
Anthony Menghini,north-dakota,0.0
Dalton Andrew,north-dakota,0.0
Ellis Rickwood,north-dakota,0.0
Gibson Homer,north-dakota,0.0
Jan Špunar,north-dakota,0.0
Quentin Sigurdson,northeastern,0.0
Joaquim Lemay,northeastern,0.0
Dylan Compton,northeastern,0.0
Jack Henry,northeastern,0.0
Grayson Badger,northeastern,0.0
Andy Moore,northeastern,0.0
James Fisher,northeastern,0.0
Noah Jones,northeastern,0.0
Ethan Fredericks,northeastern,0.0
Eli Sebastian,northeastern,0.0
Nolan Hayes,northeastern,0.0
Dylan Hryckowian,northeastern,0.0
Joe Connor,northeastern,0.0
Giacomo Martino,northeastern,0.0
Griffin Erdman,northeastern,0.0
Marc Lund,northeastern,0.0
Jack Pechar,northeastern,0.0
Vinny Borgesi,northeastern,0.0
Austen May,northeastern,0.0
Dylan Finlay,northeastern,0.0
Amine Hajibi,northeastern,0.0
Matt DellaRusso,northeastern,0.0
Lawton Zacher,northeastern,0.0
Matthew Perkins,northeastern,0.0
Jacob Mathieu,northeastern,0.0
Tyler Fukakusa,northeastern,0.0
Matthew Maltais,northeastern,0.0
Anthony Messuri,northeastern,0.0
William Gramme,northern-michigan,0.0
Joe Schiller,northern-michigan,0.0
Nicolas Ardanaz,northern-michigan,0.0
Warren Clark,northern-michigan,0.0
Grayden Daul,northern-michigan,0.0
Tynan Ewart,northern-michigan,0.0
Zane Demsey,northern-michigan,0.0
Mathew Ward,northern-michigan,0.0
Peter Cisar,northern-michigan,0.0
Medrick Bolduc,northern-michigan,0.0
Jakub Altrichter,northern-michigan,0.0
Grayden Slipec,northern-michigan,0.0
Caiden Gault,northern-michigan,0.0
Girts Silkalns,northern-michigan,0.0
Michael Burchill,northern-michigan,0.0
Tobias Pitka,northern-michigan,0.0
Anthony Cliche,northern-michigan,0.0
Tyler Stern,northern-michigan,0.0
Landon MacDonald,northern-michigan,0.0
Evan Johnson,northern-michigan,0.0
Kyle Bettens,northern-michigan,0.0
David Cote,northern-michigan,0.0
Danny Ciccarello,northern-michigan,0.0
Matthew Argentina,northern-michigan,0.0
Aidyn Hutchinson,northern-michigan,0.0
Oliver Auyeung-Ashton,northern-michigan,0.0
Jackson Fuller,northern-michigan,0.0
Jimmy Jurcev,notre-dame,0.0
Charles Pardue,notre-dame,0.0
Michael Mastrodomenico,notre-dame,0.0
Axel Kumlin,notre-dame,0.0
Drew Mackie,notre-dame,0.0
William Belle,notre-dame,0.0
Cole Brown,notre-dame,0.0
Danny Nelson,notre-dame,0.0
Henry Nelson,notre-dame,0.0
Brennan Ali,notre-dame,0.0
Maddox Fleming,notre-dame,0.0
Jayden Davis,notre-dame,0.0
Paul Fischer,notre-dame,0.0
Panayioti Fimis,notre-dame,0.0
Jack Larrigan,notre-dame,0.0
Evan Werner,notre-dame,0.0
Niko Jovanovic,notre-dame,0.0
Jaedon Kerr,notre-dame,0.0
Cole Knuble,notre-dame,0.0
Michael Schermerhorn,notre-dame,0.0
Dashel Oliver,notre-dame,0.0
Carter Slaggert,notre-dame,0.0
Caeden Carlisle,notre-dame,0.0
Sutter Muzzatti,notre-dame,0.0
Jack Williams,notre-dame,0.0
Luke Pearson,notre-dame,0.0
Nicholas Kempf,notre-dame,0.0
Dawson Labre,ohio-state,0.0
Chris Able,ohio-state,0.0
Ethan Straky,ohio-state,0.0
Chris Romaine,ohio-state,0.0
Nathan McBrayer,ohio-state,0.0
Riley Thompson,ohio-state,0.0
Thomas Weis,ohio-state,0.0
Jake Rozzi,ohio-state,0.0
Felix Caron,ohio-state,0.0
Adam Eisele,ohio-state,0.0
Max Montes,ohio-state,0.0
Landen Gunderson,ohio-state,0.0
James Hong,ohio-state,0.0
Bryce Ingles,ohio-state,0.0
Davis Burnside,ohio-state,0.0
Niall Crocker,ohio-state,0.0
Sam Deckhut,ohio-state,0.0
Samuel McGinley,ohio-state,0.0
William Smith,ohio-state,0.0
Ryan Gordon,ohio-state,0.0
Samuel Hillebrandt,ohio-state,0.0
Jake Karabela,ohio-state,0.0
Kristoffer Eberly,ohio-state,0.0
Nathan Lewis,ohio-state,0.0
Broten Sabo,ohio-state,0.0
Jake Dunlap,ohio-state,0.0
Will Craig,omaha,0.0
Hunter McInnes,omaha,0.0
Joe Gramer,omaha,0.0
Griffin Ludtke,omaha,0.0
Marcus Broberg,omaha,0.0
Cameron Briere,omaha,0.0
Jacob Guevin,omaha,0.0
Samuel Huo,omaha,0.0
Luke Woodworth,omaha,0.0
Jacob Slipec,omaha,0.0
Myles Hilman,omaha,0.0
Sean Tschigerl,omaha,0.0
Tyler Rollwagen,omaha,0.0
Aidan de la Gorgendiere,omaha,0.0
Maxime Pellerin,omaha,0.0
Marc Lajoie,omaha,0.0
Cam Mitchell,omaha,0.0
Chase LaPinta,omaha,0.0
Joel Plante,omaha,0.0
Simon Latkoczy,omaha,0.0
Trevor Wong,omaha,0.0
Spencer Sova,omaha,0.0
Brett Hyland,omaha,0.0
Marcus Nguyen,omaha,0.0
Dawson Cowan,omaha,0.0
Jeremy Loranger,omaha,0.0
Carter Schade,penn-state,0.0
Casey Aman,penn-state,0.0
Mac Gadowsky,penn-state,0.0
Jackson Smith,penn-state,0.0
Alex Servagno,penn-state,0.0
Keaton Peters,penn-state,0.0
Nick Fascia,penn-state,0.0
Luke Misa,penn-state,0.0
Ben Schoen,penn-state,0.0
Matt DiMarsico,penn-state,0.0
Charlie Cerrato,penn-state,0.0
Aiden Fink,penn-state,0.0
Dane Dowiak,penn-state,0.0
Braedon Ford,penn-state,0.0
Jarod Crespo,penn-state,0.0
Cade Christenson,penn-state,0.0
Reese Laubach,penn-state,0.0
John Seifarth,penn-state,0.0
Lev Katzin,penn-state,0.0
Joshua Fleming,penn-state,0.0
Kevin Reidler,penn-state,0.0
Nicholas Chin-DeGraves,penn-state,0.0
Gavin Mckenna,penn-state,0.0
Nolan Collins,penn-state,0.0
JJ Wiebusch,penn-state,0.0
Shea Van Olm,penn-state,0.0
Arthur Smith,princeton,0.0
Pat Reilly,princeton,0.0
David Ma,princeton,0.0
Ian Devlin,princeton,0.0
Kai Daniells,princeton,0.0
Tyler Rubin,princeton,0.0
Hans Martin Ulvebne,princeton,0.0
Malcolm Green,princeton,0.0
Jayden Sison,princeton,0.0
Jake Manfre,princeton,0.0
Drew Garzone,princeton,0.0
Carson Buydens,princeton,0.0
Julian Facchinelli,princeton,0.0
Brendan Gorman,princeton,0.0
Miles Gunty,princeton,0.0
Joshua Karnish,princeton,0.0
Seamus Latta,princeton,0.0
Kevin Anderson,princeton,0.0
Michael Young,princeton,0.0
Matt Souliere,princeton,0.0
Kai Greaves,princeton,0.0
David Jacobs,princeton,0.0
Nick Marciano,princeton,0.0
Luc Pelletier,princeton,0.0
Jaxson Ezman,princeton,0.0
Brendan Wang,princeton,0.0
Conor Callaghan,princeton,0.0
Brady Morris,princeton,0.0
Christopher Reiniger,princeton,0.0
Daniel Moor,princeton,0.0
Tomas Machu,providence,0.0
Alexander Bales,providence,0.0
Hudson Malinoski,providence,0.0
Donovan McCoy,providence,0.0
Graham Gamache,providence,0.0
Geno McEnery,providence,0.0
Aleksi Kivioja,providence,0.0
Will Elger,providence,0.0
Jonathan Fauchon,providence,0.0
Beau Jelsma,providence,0.0
Brendan Ross,providence,0.0
Tanner Adams,providence,0.0
Kale McCallum,providence,0.0
John Mustard,providence,0.0
Clint Levens,providence,0.0
Andrew Centrella,providence,0.0
Quinn Mantei,providence,0.0
Julius Sumpf,providence,0.0
Alex Rybakov,providence,0.0
Martin Masa,providence,0.0
Roger McQueen,providence,0.0
Jack Parsons,providence,0.0
Aaron Matthews,providence,0.0
Logan Sawyer,providence,0.0
Philip Svedebäck,providence,0.0
Drew Hockley,quinnipiac,0.0
William Gilson,quinnipiac,0.0
Logan McCutcheon,quinnipiac,0.0
Brady Schultz,quinnipiac,0.0
Charlie Leddy,quinnipiac,0.0
Elliott Groenewold,quinnipiac,0.0
Matthew McGroarty,quinnipiac,0.0
Tyler Borgula,quinnipiac,0.0
Aaron Schwartz,quinnipiac,0.0
Markus Vidicek,quinnipiac,0.0
Victor Czerneckianair,quinnipiac,0.0
Graham Sward,quinnipiac,0.0
Jeremy Wilmer,quinnipiac,0.0
Ben Riche,quinnipiac,0.0
Anthony Cipollone,quinnipiac,0.0
Ethan Wyttenbach,quinnipiac,0.0
Mason Marcellus,quinnipiac,0.0
Braden Blace,quinnipiac,0.0
Antonin Verreault,quinnipiac,0.0
Alex Power,quinnipiac,0.0
Nate Tivey,quinnipiac,0.0
Matthew Lansing,quinnipiac,0.0
Andon Cerbone,quinnipiac,0.0
Chris Pelosi,quinnipiac,0.0
Dylan Silverstein,quinnipiac,0.0
Samuel Scopa,quinnipiac,0.0
Matej Marinov,quinnipiac,0.0
Jimmy Goffredo,rensselaer,0.0
Matthew Jovanovic,rensselaer,0.0
Kaz Sobieski,rensselaer,0.0
Thomas Klassek,rensselaer,0.0
Gunnar VanDamme,rensselaer,0.0
Ethan Bono,rensselaer,0.0
Gustavs Ozolins,rensselaer,0.0
Rainers Rullers,rensselaer,0.0
Trevor Russell,rensselaer,0.0
Lucas Lemieux,rensselaer,0.0
Tyler Wallace,rensselaer,0.0
Jackson Kyrkostas,rensselaer,0.0
Matthew Buckley,rensselaer,0.0
Landen Hilditch,rensselaer,0.0
Jack Gorton,rensselaer,0.0
Dovar Tinling,rensselaer,0.0
Cole Gordon,rensselaer,0.0
Nate Krawchuk,rensselaer,0.0
Carson Dorfman,rensselaer,0.0
Bruno Bruveris,rensselaer,0.0
Brad McNeil,rensselaer,0.0
Filip Sitar,rensselaer,0.0
Lucas Matta,rensselaer,0.0
Jagger Tapper,rensselaer,0.0
Mathieu Bourgault,rensselaer,0.0
Alfred Lindberg,rensselaer,0.0
Ian Scherzer,rensselaer,0.0
Luc Wilson,rensselaer,0.0
Jakub Krbecek,rit,0.0
Brock Reinhart,rit,0.0
Ryan Williams,rit,0.0
Gustav Blom,rit,0.0
Boris Skalos,rit,0.0
Austin Brimmer,rit,0.0
Zach Wigle,rit,0.0
Philippe Jacques,rit,0.0
Caleb Elfering,rit,0.0
Simon Isabelle,rit,0.0
Tyler Mahan,rit,0.0
Adam Jeffery,rit,0.0
Ty Whyte,rit,0.0
Tristan Allen,rit,0.0
Kevin Scott,rit,0.0
Camden Bajzer,rit,0.0
Ben Roger,rit,0.0
Mathieu Cobetto-Roy,rit,0.0
Will Moore,rit,0.0
Christian Catalano,rit,0.0
Mason Croucher,rit,0.0
Alex Christopoulos,rit,0.0
Evan Konyen,rit,0.0
Crossley Stewart,rit,0.0
Xavier Lapointe,rit,0.0
Trent Burnham,rit,0.0
Collin Mackenzie,rit,0.0
Croix Kochendorfer,robert-morris,0.0
Michael Craig,robert-morris,0.0
Dominic Elliott,robert-morris,0.0
Greg Japchen,robert-morris,0.0
Luke van Why,robert-morris,0.0
Rasmus Larsson,robert-morris,0.0
John Babcock,robert-morris,0.0
Gabriel Lunn,robert-morris,0.0
Max Wattvil,robert-morris,0.0
J.R. Ashmead,robert-morris,0.0
Dario Beljo,robert-morris,0.0
Jackson Reineke,robert-morris,0.0
Julian Beaumont,robert-morris,0.0
Connor Gourley,robert-morris,0.0
George Krotiris,robert-morris,0.0
Patrick Johnson,robert-morris,0.0
Bruce McDonald,robert-morris,0.0
Tanner Klimpke,robert-morris,0.0
McKay Hayes,robert-morris,0.0
Cameron Garvey,robert-morris,0.0
Ryan Taylor,robert-morris,0.0
Zeke Nicholson,robert-morris,0.0
Braden Rourke,robert-morris,0.0
Trent Wilson,robert-morris,0.0
Michael Felsing,robert-morris,0.0
Lucas Massie,robert-morris,0.0
Charlie Schenkel,robert-morris,0.0
Lee Chiang,robert-morris,0.0
Luca Primerano,robert-morris,0.0
Ajeet Gundarah,sacred-heart,0.0
Aiden VanRooyan,sacred-heart,0.0
Paul Minnehan,sacred-heart,0.0
John Driscoll,sacred-heart,0.0
Luke Amell,sacred-heart,0.0
Mikey Adamson,sacred-heart,0.0
Chase Ramsay,sacred-heart,0.0
Josh Barnes,sacred-heart,0.0
Liam Lesakowski,sacred-heart,0.0
Jake Hewitt,sacred-heart,0.0
Gavin Bryant,sacred-heart,0.0
Jack Hillier,sacred-heart,0.0
Vitaly Levyy,sacred-heart,0.0
Jake Bongo,sacred-heart,0.0
David Brandes,sacred-heart,0.0
Noah Ellis,sacred-heart,0.0
Noah Van Vliet,sacred-heart,0.0
Ray Fust,sacred-heart,0.0
Michael Rubin,sacred-heart,0.0
Jeremi Tremblay,sacred-heart,0.0
Cole Galata,sacred-heart,0.0
Marcus Joughin,sacred-heart,0.0
Jack Spicer,sacred-heart,0.0
Teagan Kendrick,sacred-heart,0.0
Stephane Huard,sacred-heart,0.0
Connor Smith,sacred-heart,0.0
Felix Trudeau,sacred-heart,0.0
Charles Tardif,sacred-heart,0.0
Reid Pabich,sacred-heart,0.0
Ethan Wolthers,sacred-heart,0.0
Yan Shostak,st-cloud-state,0.0
Joseph Belisle,st-cloud-state,0.0
Finn Loftus,st-cloud-state,0.0
Tanner Henricks,st-cloud-state,0.0
Mason Reiners,st-cloud-state,0.0
Jack Reimann,st-cloud-state,0.0
Ocean Wallace,st-cloud-state,0.0
Noah Urness,st-cloud-state,0.0
Grant Ahcan,st-cloud-state,0.0
Ryan Rosborough,st-cloud-state,0.0
Tyson Gross,st-cloud-state,0.0
Josh Zinger,st-cloud-state,0.0
Barrett Hall,st-cloud-state,0.0
Ethan AuCoin,st-cloud-state,0.0
Aiden Welch,st-cloud-state,0.0
Verner Miettinen,st-cloud-state,0.0
Jack Rogers,st-cloud-state,0.0
Max Smolinski,st-cloud-state,0.0
Nolan Roed,st-cloud-state,0.0
Austin Burnevik,st-cloud-state,0.0
Thor Byfuglien,st-cloud-state,0.0
Cooper Wylie,st-cloud-state,0.0
Kaleb Tiessen,st-cloud-state,0.0
Gavyn Thoreson,st-cloud-state,0.0
James Gray,st-cloud-state,0.0
Adam Ingram,st-cloud-state,0.0
Patriks Berzins,st-cloud-state,0.0
Daimon Gardner,st-cloud-state,0.0
Cameron Smith,st-lawrence,0.0
Teddy Mallgrave,st-lawrence,0.0
Evan Orloff,st-lawrence,0.0
Andrew Brown,st-lawrence,0.0
Sam Hall,st-lawrence,0.0
Sam LeDrew,st-lawrence,0.0
Filip Juříček,st-lawrence,0.0
Rasmus Svartström,st-lawrence,0.0
Jakub Kopecký,st-lawrence,0.0
Cooper Pierson,st-lawrence,0.0
Cayden Casey,st-lawrence,0.0
Evan Mitchell,st-lawrence,0.0
Sam Frandina,st-lawrence,0.0
Gabe Westling,st-lawrence,0.0
Tyler Cristall,st-lawrence,0.0
Jacob Bernadet,st-lawrence,0.0
Frankie Carogioiello,st-lawrence,0.0
Isack Bandu,st-lawrence,0.0
Luke Santilli,st-lawrence,0.0
Jan Olenginski,st-lawrence,0.0
Spencer Bell,st-lawrence,0.0
Jack Babbage,st-lawrence,0.0
Jake Lammens,st-lawrence,0.0
Isaac Tremblay,st-lawrence,0.0
Nicholas Beneteau,st-lawrence,0.0
Gunnar Thoreson,st-lawrence,0.0
Colin Winn,st-lawrence,0.0
Mason Kucenski,st-lawrence,0.0
Jack Wieneke,st-lawrence,0.0
Jan Lasak,st-lawrence,0.0
William Ingemann,st-thomas,0.0
Colton Jamieson,st-thomas,0.0
Lucas Wahlin,st-thomas,0.0
Cole Miller,st-thomas,0.0
Hayes Hundley,st-thomas,0.0
Samuel Ranallo,st-thomas,0.0
Caige Sterzer,st-thomas,0.0
Casy Laylin,st-thomas,0.0
Mason Poolman,st-thomas,0.0
Ryan O'Neill,st-thomas,0.0
Alex Gaffney,st-thomas,0.0
Lucas Van Vliet,st-thomas,0.0
Jase Sofo,st-thomas,0.0
Quinton Pepper,st-thomas,0.0
Bauer Berry,st-thomas,0.0
Jake Braccini,st-thomas,0.0
Joshua Giuliani,st-thomas,0.0
Luc Laylin,st-thomas,0.0
Nick Williams,st-thomas,0.0
Carson Peters,st-thomas,0.0
Attila Lippai,st-thomas,0.0
Chase Cheslock,st-thomas,0.0
Luke Schelter,st-thomas,0.0
Dylan Godbout,st-thomas,0.0
Nathan Pilling,st-thomas,0.0
Aaron Trotter,st-thomas,0.0
Carsen Musser,st-thomas,0.0
Charlie Schoen,st-thomas,0.0
Adam Mahler,stonehill,0.0
Charles Banquier,stonehill,0.0
Ryan Davies,stonehill,0.0
Justin Gibson,stonehill,0.0
Brady Hunter,stonehill,0.0
Joseph Grainda,stonehill,0.0
Justin Mexico,stonehill,0.0
Zach Aben,stonehill,0.0
Leo Chambers,stonehill,0.0
Cole Melady,stonehill,0.0
Billy Renfrew,stonehill,0.0
Joel Lehtinen,stonehill,0.0
Pat Murphy,stonehill,0.0
Jake Gutwirth,stonehill,0.0
Frank Ireland,stonehill,0.0
David Posma,stonehill,0.0
Devon Carlstrom,stonehill,0.0
Jordin Palmer,stonehill,0.0
Anthony Galante,stonehill,0.0
Evan Orr,stonehill,0.0
Matthew Rafalski,stonehill,0.0
Connor Androlewicz,stonehill,0.0
Dylan Ghaemi,stonehill,0.0
Linards Lipskis,stonehill,0.0
Teddy Lagerbäck,stonehill,0.0
Zach Nicolas,stonehill,0.0
Dominick Campione,stonehill,0.0
Matthew Romer,stonehill,0.0
Kam Hendrickson,uconn,0.0
Brendan Dunphy,uconn,0.0
Kevin Fitzgerald,uconn,0.0
Viking Gustafsson Nyberg,uconn,0.0
Huston Karpman,uconn,0.0
Joey Muldowney,uconn,0.0
Ryan Tattle,uconn,0.0
Tristan Fraser,uconn,0.0
Kai Janviriya,uconn,0.0
Ethan Gardula,uconn,0.0
Tom Messineo,uconn,0.0
Jake Percival,uconn,0.0
Jake Richard,uconn,0.0
Kaden Shahan,uconn,0.0
Trey Scott,uconn,0.0
Alexandre Blais,uconn,0.0
Tabor Heaslip,uconn,0.0
Carlin Dezainde,uconn,0.0
Mike Murtagh,uconn,0.0
Joseph Odyniec,uconn,0.0
Anthony Allain Samake,uconn,0.0
Tyler Muszelik,uconn,0.0
Ryan Sanborn,uconn,0.0
Owen Simpson,uconn,0.0
Ethan Whitcomb,uconn,0.0
Daniel Buchbinder,umass-lowell,0.0
Dominick Rivelli,umass-lowell,0.0
TJ Schweighardt,umass-lowell,0.0
Jay Ahearn,umass-lowell,0.0
James Johnson,umass-lowell,0.0
Cole Lonsdale,umass-lowell,0.0
Jaiden Moriello,umass-lowell,0.0
Jack Collins,umass-lowell,0.0
Chris Delaney,umass-lowell,0.0
Tnias Mathurin,umass-lowell,0.0
Luke Shipley,umass-lowell,0.0
Nate Misskey,umass-lowell,0.0
Dalyn Wakely,umass-lowell,0.0
David Adaszynski,umass-lowell,0.0
Mirko Buttazzoni,umass-lowell,0.0
Sean Kilcullen,umass-lowell,0.0
Dillan Bentley,umass-lowell,0.0
Libor Nemec,umass-lowell,0.0
Connor Eddy,umass-lowell,0.0
Josh Mori,umass-lowell,0.0
Lee Parks,umass-lowell,0.0
Jacob MacDonald,umass-lowell,0.0
Dominic Payne,umass-lowell,0.0
Jak Vaarwerk,umass-lowell,0.0
Niko Goich,umass-lowell,0.0
Austin Elliott,umass-lowell,0.0
Samuel Richard,umass-lowell,0.0
August Classon,umass-lowell,0.0
Diego Buttazzoni,umass-lowell,0.0
DJ Hart,union,0.0
Cal Mell,union,0.0
Will Felicio,union,0.0
Carter Rose,union,0.0
Troy Pelton,union,0.0
Nick Young,union,0.0
Connor Smith,union,0.0
Alex Laurenza,union,0.0
Ethan Benz,union,0.0
Colby MacArthur,union,0.0
Carter Korpi,union,0.0
Brandon Buhr,union,0.0
Ollie Chessler,union,0.0
Lucas Buzziol,union,0.0
Parker Lindauer,union,0.0
Ben Muthersbaugh,union,0.0
Drew Sutton,union,0.0
Tyler Dunbar,union,0.0
Jacob Jeannette,union,0.0
Nate Hanley,union,0.0
Brendan Miles,union,0.0
Riley Brueck,union,0.0
Etienne Lessard,union,0.0
Brayden Gillespie,union,0.0
Brendan Holahan,union,0.0
Cameron Korpi,union,0.0
Luke Buss,union,0.0
Caeden Herrington,vermont,0.0
Philip Törnqvist,vermont,0.0
Peter Forgione,vermont,0.0
Charlie Kinsman,vermont,0.0
Jax Wismer,vermont,0.0
Michael La Starza,vermont,0.0
Max Strand,vermont,0.0
Zachary Filak,vermont,0.0
Jonah Aegerter,vermont,0.0
Blake Steenerson,vermont,0.0
Dawson Good,vermont,0.0
Tyler Dysart,vermont,0.0
Colin Kessler,vermont,0.0
Massimo Lombardi,vermont,0.0
Cedrick Guindon,vermont,0.0
Xavier Henry,vermont,0.0
Daniel Sambuco,vermont,0.0
Ethan Burroughs,vermont,0.0
Dylan Gratton,vermont,0.0
Jack Malinski,vermont,0.0
Thomas Sinclair,vermont,0.0
Duncan Ramsay,vermont,0.0
Matteo Michels,vermont,0.0
Jens Richards,vermont,0.0
Aiden Wright,vermont,0.0
David Sacco,vermont,0.0
Sebastian Törnqvist,vermont,0.0
Jacob Oster,vermont,0.0
Axel Mangbo,vermont,0.0
Kirk Laursen,western-michigan,0.0
Grady Gallatin,western-michigan,0.0
Cole Crusberg-Roseen,western-michigan,0.0
Zaccharya Wisdom,western-michigan,0.0
Theo Wallberg,western-michigan,0.0
Zach Nehring,western-michigan,0.0
Zach Bade,western-michigan,0.0
Zack Sharp,western-michigan,0.0
Tyler MacKenzie,western-michigan,0.0
Sam Huck,western-michigan,0.0
Grant Slukynsky,western-michigan,0.0
Colby Woogk,western-michigan,0.0
Ty Henricks,western-michigan,0.0
William Whitelaw,western-michigan,0.0
Bobby Cowan,western-michigan,0.0
Ryan Kusler,western-michigan,0.0
Iiro Hakkarainen,western-michigan,0.0
Liam Valente,western-michigan,0.0
Garrett Szydlowski,western-michigan,0.0
Cole Spicer,western-michigan,0.0
Jamison Sluys,western-michigan,0.0
Joona Väisänen,western-michigan,0.0
Ryan Humphrey,western-michigan,0.0
Hampton Slukynsky,western-michigan,0.0
Samuel Sjolund,western-michigan,0.0
Owen Michaels,western-michigan,0.0
Gavin Moffatt,western-michigan,0.0
Zach Bookman,western-michigan,0.0
Luke Osburn,wisconsin,0.0
Ben Dexheimer,wisconsin,0.0
Zach Schulz,wisconsin,0.0
Logan Hensler,wisconsin,0.0
Gavin Morrissey,wisconsin,0.0
Jack Phelan,wisconsin,0.0
Kyle Kukkonen,wisconsin,0.0
Simon Tassy,wisconsin,0.0
Christian Fitzgerald,wisconsin,0.0
Joe Palodichuk,wisconsin,0.0
Tyson Dyck,wisconsin,0.0
Grady Deering,wisconsin,0.0
Adam Pietila,wisconsin,0.0
Quinn Finley,wisconsin,0.0
Ryan Botterill,wisconsin,0.0
Jack Horbach,wisconsin,0.0
Weston Knox,wisconsin,0.0
Finn Brink,wisconsin,0.0
Aiden Dubinsky,wisconsin,0.0
Eli Pulver,wisconsin,0.0
Daniel Hauser,wisconsin,0.0
Anton Castro,wisconsin,0.0
Blake Montgomery,wisconsin,0.0
Oliver Tulk,wisconsin,0.0
Bruno Idzan,wisconsin,0.0
Vasily Zelenov,wisconsin,0.0
Jack Stark,yale,0.0
Bayard Hall,yale,0.0
Dylan Hunt,yale,0.0
Joose Pesonen,yale,0.0
Hudson Miller,yale,0.0
Tucker Hartmann,yale,0.0
Ronan O'Donnell,yale,0.0
Micah Berger,yale,0.0
James Shannon,yale,0.0
Zach Wagnon,yale,0.0
Hughie Hooker,yale,0.0
Will Richter,yale,0.0
Iisai Pesonen,yale,0.0
Thomas Molson,yale,0.0
Kalen Szeto,yale,0.0
David Andreychuk,yale,0.0
Seiya Tanaka-Campbell,yale,0.0
JoJo Tanaka-Campbell,yale,0.0
Owen Forester,yale,0.0
Kurt Gurkan,yale,0.0
Rhys Bentham,yale,0.0
Joe Blackley,yale,0.0
David Chen,yale,0.0
Elan Bar-Lev-Wise,yale,0.0
Donovan Frias,yale,0.0
Julian Frias,yale,0.0
Braden Keeble,yale,0.0
Noah Pak,yale,0.0
